Source File	Size	loadResources	load	generateSnapshots	load-configure	scan	loadDepInfo	loadInfo	checkR4R4B	generateNarratives	validate	loadLists	checkConformanceResources	checkConformanceResources2	checkConformanceResources3	generateLogicalMaps	validateExpressions	scanForUsageStats	checkURLsUnique	processProvenanceDetails	generate1	generate2	generateLogicals	makeDependencies	generateExampleZip	generateValidationPack	scanProfilesForR5	scanExamplesForR5
/fsh-generated/resources/ImplementationGuide-nmdp.fhir.donor-patient.json	21186	-	0	0	1	0	0	0	9	116	0	0	0	0	0	0	0	0	0	0	62	252	0	0	0	4	0	2
fsh-generated/resources/CapabilityStatement-NMDPDonorAPICapabilityStatement.json	3591	5	0	0	1	0	0	0	1	11	0	0	0	0	0	0	0	0	0	0	18	36	0	0	0	1	0	0
fsh-generated/resources/CodeSystem-nmdp-center-type.json	1098	1	0	0	0	0	0	0	0	5	0	0	0	0	0	0	0	0	0	0	6	43	0	0	0	0	0	0
fsh-generated/resources/CodeSystem-nmdp-cmv-status.json	915	1	0	0	0	0	0	0	0	2	0	0	0	0	0	0	0	0	0	0	11	38	0	0	0	0	0	0
fsh-generated/resources/CodeSystem-nmdp-donor-status.json	1555	1	0	0	0	0	0	0	0	2	0	0	0	0	0	0	0	0	0	0	6	35	0	0	0	1	0	0
fsh-generated/resources/CodeSystem-nmdp-hla-gene-name.json	1216	0	0	0	0	0	0	0	1	2	0	0	0	0	0	0	0	0	0	0	6	33	0	0	0	0	0	0
fsh-generated/resources/CodeSystem-nmdp-order-type.json	1770	1	0	0	0	0	0	0	0	2	0	0	0	0	0	0	0	0	0	0	6	36	0	0	0	0	0	0
fsh-generated/resources/CodeSystem-nmdp-specimen-type.json	1512	1	0	0	0	0	0	0	0	1	0	0	0	0	0	0	0	0	0	0	5	33	0	0	0	1	0	0
fsh-generated/resources/Observation-ExampleCBUHemoglobin.json	588	1	0	0	0	0	0	0	0	424	0	0	0	0	0	0	0	0	0	0	3	14	0	0	0	0	0	0
fsh-generated/resources/Observation-ExampleDonorABORh.json	617	1	0	0	0	0	0	0	1	2	0	0	0	0	0	0	0	0	0	0	3	6	0	0	0	0	0	0
fsh-generated/resources/Observation-ExampleDonorBodyWeight.json	564	1	0	0	0	0	0	0	0	55	0	0	0	0	0	0	0	0	0	0	3	6	0	0	0	0	0	0
fsh-generated/resources/Observation-ExampleDonorCMV.json	503	1	0	0	0	0	0	0	0	1	0	0	0	0	0	0	0	0	0	0	2	6	0	0	0	0	0	0
fsh-generated/resources/Observation-ExampleHLAGenotypeA.json	614	0	0	0	0	0	0	0	0	138	0	0	0	0	0	0	0	0	0	0	4	5	0	0	0	0	0	0
fsh-generated/resources/Observation-ExampleHLAGenotypeB.json	614	1	0	0	0	0	0	0	0	59	0	0	0	0	0	0	0	0	0	0	3	6	0	0	0	0	0	0
fsh-generated/resources/Observation-ExampleHLAGenotypeC.json	615	1	0	0	0	0	0	0	0	58	0	0	0	0	0	0	0	0	0	0	2	5	0	0	0	0	0	0
fsh-generated/resources/Observation-ExampleHLAGenotypeDRB1.json	626	0	0	0	0	0	0	0	0	58	0	0	0	0	0	0	0	0	0	0	3	6	0	0	0	0	0	0
fsh-generated/resources/Organization-ExampleNMDPDonorCenter.json	614	1	0	0	0	0	0	0	0	1	0	0	0	0	0	0	0	0	0	0	3	3	0	0	0	0	0	0
fsh-generated/resources/Patient-ExampleCBUPatient.json	1717	1	0	0	0	0	0	0	0	58	0	0	0	0	0	0	0	0	0	0	5	8	0	0	0	0	0	0
fsh-generated/resources/Patient-ExampleDeceasedDonor.json	736	1	0	0	0	0	0	0	0	0	0	0	0	0	0	0	0	0	0	0	3	3	0	0	0	0	0	0
fsh-generated/resources/Patient-ExampleDeferredDonor.json	1578	1	0	0	0	0	0	0	1	1	0	0	0	0	0	0	0	0	0	0	5	3	0	0	0	0	0	0
fsh-generated/resources/Patient-ExampleDonorNoGrid.json	622	0	0	0	0	0	0	0	0	1	0	0	0	0	0	0	0	0	0	0	3	3	0	0	0	0	0	0
fsh-generated/resources/Patient-ExampleMatchSyncDonorPatient.json	314	1	0	0	0	0	0	0	0	0	0	0	0	0	0	0	0	0	0	0	2	2	0	0	0	0	0	0
fsh-generated/resources/Patient-ExampleNMDPDonor.json	1660	1	0	0	0	0	0	0	0	1	0	0	0	0	0	0	0	0	0	0	5	7	0	0	0	0	0	0
fsh-generated/resources/Patient-ExampleRecipientPatient.json	540	1	0	0	0	0	0	0	0	1	0	0	0	0	0	0	0	0	0	0	3	2	0	0	0	0	0	0
fsh-generated/resources/ServiceRequest-ExampleCBUOrder.json	790	0	0	0	0	0	0	0	0	3	0	0	0	0	0	0	0	0	0	0	3	12	0	0	0	0	0	0
fsh-generated/resources/ServiceRequest-ExampleDonorOrder.json	806	1	0	0	0	0	0	0	0	2	0	0	0	0	0	0	0	0	0	0	3	6	0	0	0	0	0	0
fsh-generated/resources/ServiceRequest-ExampleIDMOrder.json	735	1	0	0	1	0	0	0	0	1	0	0	0	0	0	0	0	0	0	0	6	5	0	0	0	0	0	0
fsh-generated/resources/Specimen-ExampleDonorSpecimen.json	630	1	0	0	0	0	0	0	0	5	0	0	0	0	0	0	0	0	0	0	4	8	0	0	0	0	0	0
fsh-generated/resources/StructureDefinition-cbu-status.json	1573	1	0	7	0	0	0	0	1	270	0	0	1	0	0	0	0	1	0	0	25	433	0	0	0	1	0	1
fsh-generated/resources/StructureDefinition-donor-status.json	1700	1	0	4	0	0	0	0	0	5	0	0	0	0	0	0	0	0	0	0	28	72	0	0	0	1	0	0
fsh-generated/resources/StructureDefinition-matchsync-donor-patient.json	1017	4	0	28	0	0	0	0	0	18	0	0	0	0	0	0	0	0	0	0	91	220	0	0	0	5	0	1
fsh-generated/resources/StructureDefinition-nmdp-abo-rh-observation.json	2259	1	0	29	0	0	0	0	0	23	0	0	0	0	0	0	0	1	0	0	105	571	0	0	0	7	0	2
fsh-generated/resources/StructureDefinition-nmdp-body-weight-observation.json	2642	5	0	36	0	0	0	0	0	44	0	0	0	0	0	0	0	1	0	0	96	216	0	0	0	7	0	1
fsh-generated/resources/StructureDefinition-nmdp-cbu-order.json	4607	1	0	28	0	0	0	0	0	22	0	0	0	0	0	0	0	0	0	0	104	210	0	0	0	7	0	1
fsh-generated/resources/StructureDefinition-nmdp-cbu-patient.json	3281	5	0	54	0	0	1	0	0	30	0	0	0	0	0	0	0	1	0	0	183	370	0	0	0	13	0	1
fsh-generated/resources/StructureDefinition-nmdp-cmv-observation.json	2166	1	0	27	0	0	0	0	0	15	0	0	0	0	0	0	0	1	0	0	101	176	0	0	0	6	0	0
fsh-generated/resources/StructureDefinition-nmdp-donor-order.json	4531	2	0	58	0	0	0	0	0	16	0	0	0	0	0	0	0	0	0	0	100	173	0	0	0	7	0	1
fsh-generated/resources/StructureDefinition-nmdp-donor-patient.json	3448	1	0	46	0	0	0	0	0	22	0	0	0	0	0	0	0	1	0	0	144	288	0	0	0	10	0	0
fsh-generated/resources/StructureDefinition-nmdp-donor-specimen.json	3363	2	0	21	0	0	0	0	0	13	0	0	1	0	0	0	0	1	0	0	61	111	0	0	0	5	0	1
fsh-generated/resources/StructureDefinition-nmdp-hemoglobin-observation.json	2738	1	0	26	0	0	0	0	0	15	0	0	0	0	0	0	0	0	0	0	82	133	0	0	0	7	1	0
fsh-generated/resources/StructureDefinition-nmdp-hla-genotype.json	2533	1	0	22	0	0	0	0	0	12	0	0	0	0	0	0	0	1	0	0	66	283	0	0	0	8	0	1
fsh-generated/resources/StructureDefinition-nmdp-idm-order.json	1048	1	0	19	0	0	0	0	0	16	0	0	0	0	0	0	0	0	0	0	57	159	0	0	0	5	0	0
fsh-generated/resources/StructureDefinition-nmdp-organization.json	2233	1	0	14	0	0	0	0	0	11	0	0	0	0	0	0	0	0	0	0	53	105	0	0	0	5	0	0
fsh-generated/resources/ValueSet-nmdp-abo-rh-type-vs.json	1164	1	0	0	0	0	0	0	1	155	0	0	0	0	0	0	0	0	0	0	4	258	0	0	0	0	0	0
fsh-generated/resources/ValueSet-nmdp-center-type-vs.json	437	1	0	0	0	0	0	0	0	2	0	0	0	0	0	0	0	1	0	0	4	27	0	0	0	1	0	0
fsh-generated/resources/ValueSet-nmdp-cmv-status-vs.json	476	0	0	0	1	0	0	0	0	2	0	0	0	0	0	0	0	0	0	0	4	22	0	0	0	0	0	0
fsh-generated/resources/ValueSet-nmdp-donor-status-vs.json	498	1	0	0	0	0	0	0	0	1	0	0	0	0	0	0	0	0	0	0	5	21	0	0	0	0	0	0
fsh-generated/resources/ValueSet-nmdp-glstring-vs.json	491	0	0	0	0	0	0	0	0	56	0	0	0	0	0	0	0	0	0	0	4	87	0	0	0	0	0	0
fsh-generated/resources/ValueSet-nmdp-hla-gene-name-vs.json	462	1	0	0	0	0	0	0	0	2	0	0	0	0	0	0	0	0	0	0	4	18	0	0	0	1	0	0
fsh-generated/resources/ValueSet-nmdp-hla-locus-loinc-vs.json	1774	1	0	0	0	0	0	0	1	57	0	0	0	0	0	0	0	0	0	0	5	83	0	0	0	0	0	0
fsh-generated/resources/ValueSet-nmdp-order-type-vs.json	422	0	0	0	0	0	0	0	0	1	0	0	0	0	0	0	0	0	0	0	3	19	0	0	0	0	0	0
fsh-generated/resources/ValueSet-nmdp-specimen-type-vs.json	466	1	0	0	0	0	0	0	0	2	0	0	0	0	0	0	0	0	0	0	5	19	0	0	0	0	0	0
/fsh-generated/includes/menu.xml	1629	-	-	-	0	0	0	0	0	0	0	0	0	0	0	0	0	0	0	0	0	1	0	0	0	0	0	0
/fsh-generated/includes/fsh-link-references.md	3062	-	-	-	0	0	0	0	0	0	0	0	0	0	0	0	0	0	0	0	0	0	0	0	0	0	0	0
/input/pagecontent/order-workflow.md	4629	-	-	-	0	0	0	0	0	0	0	0	0	0	0	0	0	0	0	0	0	0	0	0	0	0	0	0
/input/pagecontent/identifiers.md	4084	-	-	-	0	0	0	0	0	0	0	0	0	0	0	0	0	0	0	0	0	0	0	0	0	0	0	0
/input/pagecontent/conventions.md	4719	-	-	-	0	0	0	0	0	0	0	0	0	0	0	0	0	0	0	0	0	0	0	0	0	0	0	0
/input/pagecontent/examples.md	7163	-	-	-	0	0	0	0	0	0	0	0	0	0	0	0	0	0	0	0	0	1	0	0	0	0	0	0
/input/pagecontent/security-and-privacy.md	5215	-	-	-	0	0	0	0	0	0	0	0	0	0	0	0	0	0	0	0	0	0	0	0	0	0	0	0
/input/pagecontent/connecting-to-the-donor-api.md	9772	-	-	-	0	0	0	0	0	0	0	0	0	0	0	0	0	0	0	0	0	0	0	0	0	0	0	0
/input/pagecontent/related-specifications.md	3676	-	-	-	0	0	0	0	0	0	0	0	0	0	0	0	0	0	0	0	0	1	0	0	0	0	0	0
/input/pagecontent/capability-statement.md	3272	-	-	-	0	0	0	0	0	0	0	0	0	0	0	0	0	0	0	0	0	0	0	0	0	0	0	0
/input/pagecontent/index.md	1047	-	-	-	0	0	0	0	0	0	0	0	0	0	0	0	0	0	0	0	0	0	0	0	0	0	0	0
/template/config	0	-	-	-	0	0	0	0	0	0	0	0	0	0	0	0	0	0	0	0	0	0	0	0	0	0	0	0
/template/config/_config.yml	140	-	-	-	0	0	0	0	0	0	0	0	0	0	0	0	0	0	0	0	0	0	0	0	0	0	0	0
/temp/pages/_includes/artifacts.xml	25437	-	-	-	-	-	-	-	-	-	-	-	-	-	-	-	-	-	-	-	-	1	0	0	0	0	0	0
